"id","title","applicant_or_source","first_publication","verified_scope","disclosed_features","proposed_distinction","risk","url","checked_on"
"CN120976438A","基于多模态融合的输电杆塔几何结构与真实表面重建方法","南京邮电大学","2025-11-18","中文全部9项权利要求及元数据","影像LiDAR融合；骨架高斯对齐；网格顶点与高斯联合优化","有限厚度角钢共享节点唯一生成；等价候选与承载分歧测厚闭环","骨架或网格绑定高斯本身不能称新","https://patents.google.com/patent/CN120976438A/zh","2026-10-03"
"CN121685855A","基于高斯泼溅的钢构三维重建方法","Zhongchen Kejie Design Engineering Co ltd；Tianjin University Research Institute of Architectural Design and Urban Planning","2026-03-17","独权1及权7；著录信息","钢构结构引导；可见性权重；独立高斯几何优化","工程实体参数生成及候选承载分歧闭环","钢构高斯重建和结构引导已经公开","https://patents.google.com/patent/CN121685855A/zh","2026-10-03"
"CN121190660A/B","一种基于激光视觉的多特征三维重建3D高斯方法","中国矿业大学（北京）","2025-12-23","B独权1；A/B公开日期","视觉LiDAR标定；光度几何一致；线面约束","有限角钢规格候选；决策分歧与测厚切换","双模态高斯融合本身不新","https://patents.google.com/patent/CN121190660B/zh","2026-10-03"
"CN117933030A/B","输电铁塔有限元计算模型建模方法、装置、设备及介质","China South Power Grid International Co ltd","2024-04-26","公开权利要求及著录信息","点云截面提取；角钢规格匹配；有限元建模","保留观测等价规格；按承载分歧选测量","点云到规格和有限元已公开","https://patents.google.com/patent/CN117933030A/zh","2026-10-03"
"CN121185202A","地下管道三维形变量化巡检方法","Shandong Zhonghe Land Real Estate Appraisal Co ltd","2025-12-23","独权1；权4与10；相关说明书","物理反演；不确定度调扫描；弱可观测段反向补测","角钢厚度候选承载分歧；遥测无效切直接测量","一般可辨识性驱动采集已知","https://patents.google.com/patent/CN121185202A/zh","2026-10-03"
"US10451416B1","Optimizing sensor placement for structural health monitoring based on information entropy or total modal energy","Bentley Systems Inc","2019-10-22","独权1及著录信息","信息矩阵；熵与模态能量；传感器布置","判定分歧候选对和跨测量方式闭环","泛信息增益与力学测量选择已知","https://patents.google.com/patent/US10451416B1/en","2026-10-03"
"CN121434682A","基于无人机巡检的配电网异常状态智能识别方法及系统","国网河南省电力公司洛阳供电公司","2026-01-30","独权及参数化相关说明书","参数模板；数字孪生；风险巡检","等价规格；承载分歧；测厚回灌","数字孪生和风险航线不是新颖性主核","https://patents.google.com/patent/CN121434682A/zh","2026-10-03"
"SplatAD","SplatAD: Real-Time Lidar and Camera Rendering with 3D Gaussian Splatting","原论文作者","2024-11-25","原论文及CVPR版本","同场相机LiDAR渲染；掉点；束发散","有限厚度工程参数约束与决策测量闭环","不能宣称首次光束足迹或无回波","https://arxiv.org/abs/2411.16816","2026-10-03"
"GaussianPlant","GaussianPlant","原论文作者","2025-12-16","arXiv原文","结构基元绑定高斯","角钢实体和承载判定关联","一般参数基元绑定已知","https://arxiv.org/abs/2512.14087","2026-10-03"
"FisherRF","FisherRF","原论文作者","2023-11-29","arXiv原文","信息指导主动重建视点","判定分歧候选对分离度及测量切换","泛信息NBV不是新颖性主核","https://arxiv.org/abs/2311.17874","2026-10-03"
"MSSP2026_114606","Sensor informativeness, identifiability and uncertainty in Bayesian inverse problems for structural health monitoring","TU Dresden论文记录","2026-08-01","原机构论文记录","结构反演；传感信息；可辨识性；不确定度","具体角钢观测等价和承载分歧闭环","可辨识性门控本身已知","https://fis.tu-dresden.de/portal/en/publications/sensor-informativeness-identifiability-and-uncertainty-in-bayesian-inverse-problems-for-structural-health-monitoring%2893c7d430-35c7-4eff-9d6f-99aa485ac79b%29.html","2026-10-03"
