project,project_url,license,license_source,purpose,integration_status,commercial_route,version_lock_strategy,checked_on,notes
NumPy,https://github.com/numpy/numpy,BSD-3-Clause,https://github.com/numpy/numpy/blob/main/LICENSE.txt,有限厚度几何数组与三维轴向桁架数值计算,integrated_cpu_used,可商用主体许可;保留声明,当前环境2.5.3;交付锁wheel哈希与回归结果,2026-10-03,已运行CPU API与pytest;不代表实测工业验证
SciPy,https://github.com/scipy/scipy,BSD-3-Clause,https://github.com/scipy/scipy/blob/main/LICENSE.txt,旋转表示及参数优化与chi-square诊断,integrated_cpu_used,可商用主体许可;检查BLAS等二进制依赖,当前环境1.18.1;交付锁wheel哈希与回归结果,2026-10-03,已运行CPU API与pytest;不以数值工具替代规范验算完整性
OpenCV,https://github.com/opencv/opencv,Apache-2.0,https://github.com/opencv/opencv/blob/4.x/LICENSE,相机标定与轮廓提取,planned_optional,选4.5及以后适用许可版本;审计构建依赖,选择验证后的4.x具体tag与opencv-python包哈希,2026-10-03,未安装;不得追随浮动4.x分支生产发布
Open3D,https://github.com/isl-org/Open3D,MIT,https://github.com/isl-org/Open3D/blob/main/LICENSE,点云质量检查与配准及可视化,planned_optional,主体可商用;可选模块逐项审计,选Windows/Python兼容release;锁tag和wheel哈希,2026-10-03,未安装;补全点与原始点分开
COLMAP,https://github.com/colmap/colmap,BSD-3-Clause,https://colmap.github.io/license.html,多视影像配准与束调整初值,planned_optional,主体可商用;第三方依赖可改变构建许可,锁可重复构建release及编译开关和依赖清单,2026-10-03,未安装;尺度需LiDAR或控制点约束
PyTorch,https://github.com/pytorch/pytorch,BSD-style主体;见LICENSE第三方项,https://github.com/pytorch/pytorch/blob/main/LICENSE,自动微分与GPU优化,planned_gpu_phase,按主体及第三方条款审计,锁torch/CUDA/驱动相容组合和wheel哈希,2026-10-03,未安装;不能以自动微分证明可辨识性
gsplat,https://github.com/nerfstudio-project/gsplat,Apache-2.0,https://github.com/nerfstudio-project/gsplat/blob/main/LICENSE,自研参数绑定表面高斯的渲染后端,planned_gpu_phase,优先商业工程后端;保留NOTICE,锁验证release或具体SHA;v1.6主分支功能不视为稳定发布,2026-10-03,未安装;不可直接套自由高斯优化成尺寸测量
SAM 2,https://github.com/facebookresearch/sam2,Apache-2.0主体及模型;可选cc_torch为BSD-3-Clause,https://github.com/facebookresearch/sam2/blob/main/LICENSE,交互掩膜和跨帧辅助,candidate_not_integrated,模型/训练/演示按Apache-2.0;字体与可选项另查,锁repo SHA及权重SHA256和配置;先塔上测试再纳入,2026-10-03,未下载模型;细杆交叉必须允许人工修正
SplatAD,https://github.com/carlinds/splatad,Apache-2.0,https://github.com/carlinds/splatad/blob/main/LICENSE,LiDAR物理渲染参考和可选内核,candidate_not_integrated,按许可复用选定内核;完整模型依赖另查,锁SDK和内核SHA;固定传感器标定参数,2026-10-03,自动驾驶验证不能外推塔上精度
Livox SDK,https://github.com/Livox-SDK/Livox-SDK,MIT主体;附MIT/BSD/Boost等第三方条款,https://github.com/Livox-SDK/Livox-SDK/blob/master/LICENSE.txt,可选Avia载荷原始包解析,optional_payload_candidate,保留主体及第三方许可声明,锁设备固件/协议/SDK具体SHA并存测试PCAP,2026-10-03,SDK1与SDK2设备兼容性分别确认
2DGS原始实现,https://github.com/hbb1/2d-gaussian-splatting,Gaussian-Splatting non-commercial research license,https://github.com/hbb1/2d-gaussian-splatting/blob/main/LICENSE.md,表面高斯论文与算法比较,reference_only_no_code_import,不直接纳入商业产品;另获许可或自行实现,只记录论文及许可证核验日,2026-10-03,参数化角钢表面算法需原创实现
VGGT-Omega,https://github.com/facebookresearch/vggt-omega,FAIR Noncommercial Research License,https://github.com/facebookresearch/vggt-omega/blob/main/LICENSE,基础几何模型前沿参考,reference_only_no_model_download,排除当前商业部署;用途限制也须核验,只记录论文版本及核验日,2026-10-03,不能把预测厚度当实测;不运行此模型
SurfFill,https://linus-franke.com/surffill/,Gaussian-Splatting non-commercial research license,https://github.com/qy21gafy/SurfFill/blob/main/LICENSE.md,薄结构缺测歧义选区和论文比较,reference_only_no_code_import,不直接纳入商业交付;另获许可或自行实现,记录DOI及论文版本;自行实现选区策略时保留原创证据,2026-10-03,作者项目链接到该仓库;补全不增加独立实测证据
Three.js,https://github.com/mrdoob/three.js,MIT,https://github.com/mrdoob/three.js/blob/r180/LICENSE,本地网页工程网格和表面采样可视化,integrated_local_web,可商用主体许可;完整LICENSE随vendor保留,冻结r180;三源文件及LICENSE SHA256见INTEGRATED_NOTICE.md,2026-10-03,四文件与官方r180逐字节一致;未集成照片训练高斯引擎
